???"TABLE_NAME","NUM_ROWS","LAST_ANALYZED"
"C_GSP_NBR_TRKG","86343923","2026-02-12 22:52:15"
"PROD_TRKG_TRAN","85831263","2026-01-03 6:37:49"
"SPL_CARTON_DTL_PACKING","82139263","2026-03-31 22:37:17"
"MSG_LOG","27927324","2025-12-18 22:12:25"
"P_ANALYZE_PIX_LOG","24041178","2025-12-27 22:14:51"
"PIX_TRAN","22697231","2026-05-12 22:18:44"
"WMSFE_MSG_LOG","21344530","2026-05-14 22:56:02"
"LABOR_MSG_DTL","14458043","2026-03-23 22:18:42"
"STAGING_TRAC_CODG_SN","9449930","2026-05-14 22:05:02"
"OUTPUT_PKT","8611813","2026-03-18 22:11:12"
"WMARCH_C_GSP_NBR_TRKG","7511511","2025-11-29 6:04:58"
"ALLOC_INVN_DTL","6567026","2026-04-06 22:16:15"
"LPN_DETAIL","6523805","2026-05-11 22:09:59"
"OUTPT_LPN_DETAIL","5566777","2026-04-13 22:10:08"
"LABOR_MSG","5444555","2026-05-06 22:09:25"
"LPN","5283698","2026-05-05 22:22:57"
"OUTPT_LPN","4313635","2026-03-24 22:08:14"
"ORDER_LINE_ITEM","3886529","2026-05-16 6:03:42"
"PKT_DTL","3886511","2026-05-15 22:04:43"
"OUTPT_ORDER_LINE_ITEM","3848892","2026-04-28 22:08:21"
"ORDER_LINE_ITEM_REF","3727773","2026-03-09 22:07:35"
"STATS_SNAPSHOT","3575282","2026-02-23 22:05:36"
"Z_WZ_LINE_ITEM_REF","3505723","2026-01-20 22:08:34"
"TASK_DTL","3326183","2026-05-07 22:08:30"
"SPL_RF_CARTON_SCAN","2821424","2025-12-19 22:05:05"
"RULE_SEL_DTL","2139004","2026-03-26 22:06:20"
"STATS_SNAPSHOT_EVENT","1775525","2025-12-26 22:07:12"
"TASK_HDR","1704637","2026-04-20 22:07:30"
"C_OSR_REQUEST","1441122","2021-01-03 6:00:38"
"PKT_HDR","1279350","2026-05-08 22:03:35"
"ORDERS","1251433","2026-04-29 22:10:19"
"OUTPT_ORDERS","1242114","2026-04-20 22:12:09"
"ORDER_REF","1211582","2026-03-13 22:05:21"
"OUTPUT_PIX","1208083","2025-12-28 14:04:36"
"ORDER_LINE_ITEM_GS1","1184258","2026-05-07 22:06:36"
"ORDER_NOTE","1162525","2026-01-05 22:15:28"
"WAVE_QUEUE_PKT","1148451","2025-12-18 22:06:38"
"RULE_SORT_DTL","1143006","2026-04-13 22:07:37"
"Z_WZ_PRINT_PSD","833810","2026-02-23 22:04:38"
"RULE_HDR","671180","2026-05-05 22:04:03"
"SPL_ASN_HDR","620171","2026-04-06 22:08:14"
"CD_MASTER_DTL","608202","2025-08-07 23:21:52"
"LABEL_DISPLAY","606292","2020-06-19 22:00:52"
"C_OSR_STORAGE","586758","2021-01-08 22:00:58"
"TASK_RULE_PARM","537914","2026-04-14 22:02:24"
"C_QI_INSPECTION","449854","2026-02-04 22:07:01"
"Z_WZ_PUTAWAY_PRINT","429522","2026-01-09 22:07:16"
"BATCH_MASTER","409692","2025-09-11 22:11:08"
"CL_MESSAGE_HISTORY","407606","2026-05-15 22:03:14"
"CL_ENDPOINT_QUEUE_HISTORY","407604","2026-05-15 22:02:38"
"EVENT_MESSAGE_HISTORY","407570","2026-05-09 6:02:27"
"ASN_DETAIL","347259","2026-04-27 22:06:25"
"ASN_DETAIL_REF","328638","2026-05-11 22:06:19"
"ASN_REF","322579","2026-04-10 22:03:20"
"ASN","321437","2026-05-15 22:03:00"
"ASN_NOTE","318804","2026-05-05 22:03:52"
"ITEM_PACKAGE_CBO","312094","2026-04-30 22:03:24"
"SPL_ASN_PRINT_TIME","301079","2026-02-09 22:05:58"
"SPL_ITEM_MNTN_TMP","242420","2026-05-09 6:02:37"
"LXL_IMPORT_LOT","235924","2021-04-29 22:00:04"
"LXL_IMPORT_LOTS","234558","2021-04-29 22:00:16"
"SPL_ITEM_MNTN_DTL","172455","2026-05-13 22:07:12"
"LABEL","153295","2019-07-30 22:00:44"
"MESSAGE_DISPLAY","145639","2019-04-28 6:00:22"
"ITEM_FACILITY_MAPPING_WMS","143394","2026-05-07 22:06:31"
"TRAN_LOG_MESSAGE","121145","2026-05-14 22:04:23"
"ITEM_REF","103951","2026-05-15 22:02:29"
"ITEM_CBO","103443","2026-05-11 22:06:07"
"ITEM_WMS","103034","2026-05-07 22:06:30"
"Z_WZ_PRINT_PSD_MB","102738","2021-10-28 22:02:02"
"CONTEXT_REPO","102411","2026-05-06 22:06:25"
"ASN_UNIT_DETAIL","97941","2026-01-23 22:03:03"
"WAVE_RULE_PARM","80860","2026-02-27 22:09:34"
"WAVE_PARM","79532","2026-05-11 22:06:03"
"SHIP_WAVE_PARM","79345","2026-05-07 22:06:15"
"WAVE_STATS","78219","2026-04-01 22:07:20"
"SYS_EXPORT_FULL_07","77708","2023-02-04 6:00:10"
"SYS_EXPORT_FULL_06","77695","2023-01-31 22:00:10"
"SYS_EXPORT_FULL_05","77682","2023-01-28 6:00:16"
"SYS_EXPORT_FULL_04","77670","2023-01-10 22:00:14"
"SYS_EXPORT_FULL_03","77656","2023-01-09 22:00:16"
"SYS_EXPORT_FULL_02","77638","2022-12-17 6:00:05"
"SYS_EXPORT_FULL_01","77625","2022-12-16 22:00:20"
"INVOICE_RESP_CODE","77110","2025-09-23 22:25:30"
"SYS_EXPORT_FULL_13","76986","2025-02-22 12:45:43"
"TASK_PARM","76847","2026-03-20 22:04:56"
"SYS_EXPORT_FULL_11","76845","2024-04-19 22:00:16"
"SYS_EXPORT_FULL_12","76845","2024-04-21 8:22:28"
"SYS_EXPORT_FULL_08","76747","2023-07-03 22:00:20"
"WAVE_QUEUE","75125","2026-02-10 22:06:34"
"WAVE_TASK_CRIT","75106","2026-02-10 22:06:41"
"COMPANY_PARAMETER","72764","2025-08-11 22:10:10"
"Z_WZ_PRINT_PSD_BAK0914","72145","2021-09-14 22:00:10"
"Z_WZ_GS1NBR","45294","2026-03-31 22:05:32"
"INVC_RULE_PARM","40865","2026-04-24 22:02:53"
"TRAN_LOG_RESPONSE_MESSAGE","40136","2026-05-15 22:02:55"
"TRAN_LOG","40136","2026-05-15 22:02:30"
"EVENT_MESSAGE","39772","2026-05-15 22:01:26"
"Z_WZ_INSIDE_AUD","36157","2026-03-27 22:04:37"
"Z_WZ_PRINT_PSD_BAK0707","35658","2021-07-08 22:05:45"
"INVC_PARM","35561","2026-04-24 22:02:55"
"WM_RULE_TAB_COLUMNS","34309","2023-12-04 22:04:32"
"OM_SCHED_EVENT_HISTORY","29806","2026-03-18 22:06:52"
"PRICE_TYPE_CBO","29380","2025-09-23 22:25:37"
"ILM_REASON_CODES","29380","2025-09-23 22:25:38"
"DISTRIBUTION_LIST","29380","2025-09-23 22:25:39"
"SPL_ITEM_MNTN","27363","2026-04-25 6:02:30"
"LOCN_HDR_0405","24765","2021-05-04 11:56:48"
"LOCN_HDR_0506","24765","2021-05-06 0:20:33"
"SYS_EXPORT_FULL_09","19847","2023-11-07 22:00:07"
"WM_INVENTORY","19605","2026-05-15 22:00:19"
"RESV_LOCN_HDR","19525","2026-05-14 22:02:25"
"COMPANY_REF","19469","2026-05-13 22:06:17"
"Z_WZ_DESTRUCTION","19252","2025-08-11 22:05:14"
"FACILITY_REF","17678","2026-05-14 22:02:22"
"RULE_COLM_REF","17628","2021-11-15 22:06:21"
"MESSAGE_MASTER","17176","2019-04-28 6:00:28"
"RS_CONFIG","15632","2026-04-01 22:07:09"
"ER_COLUMNS","15565","2019-07-11 17:18:42"
"VENDOR_MASTER","15404","2026-05-15 22:02:26"
"CD_MASTER","14481","2025-08-07 23:20:55"
"Z_WZ_ORDER_HDR","12896","2025-12-23 22:06:12"
"PICK_LOCN_HDR","12436","2026-03-20 22:04:43"
"C_WEBSERVICE_MSG","9891","2026-03-02 22:11:57"
"EXPT_W17_ITEM","9820","2020-04-25 18:01:10"
"RAND_MILEMAKER_COUNTY","9305","2019-07-11 17:19:22"
"CW","8737","2021-05-05 22:00:10"
"C_ASN_DETAIL","8345","2026-03-06 22:08:41"
"C_ASN_NOTE","8202","2026-03-13 22:04:23"
"C_ASN","8202","2026-03-13 22:04:28"
"C_WEBSERVICE_MSG_ERROR","8123","2026-01-06 22:04:43"
"C_GSP_NBR_VLDG","8098","2025-06-10 22:04:44"
"EXPT_W17_ASN","7884","2020-04-29 22:02:43"
"Z_WZ_LOCN_HDR","7829","2024-11-25 22:00:57"
"PICK_LOCN_HDR_0507","7385","2021-05-07 11:40:11"
"PICK_LOCN_HDR_0504","7385","2021-05-05 22:02:48"
"WZ_TMP5","7188","2021-05-25 22:00:12"
"DB_CR_HISTORY","6860","2019-07-11 17:18:36"
"CL_ENDPOINT_QUEUE","6698","2026-05-16 6:00:52"
"CL_MESSAGE","6698","2026-05-16 6:01:31"
"LPN_LOCK","6295","2026-05-15 22:00:51"
"PICK_LOCN_DTL","5947","2026-05-15 22:00:55"
"LOCN_WIZ_DTL","5932","2026-03-10 22:04:16"
"FILTER_LAYOUT","5070","2019-08-20 22:00:47"
"RESOURCE_PERMISSION","4883","2021-01-15 22:01:29"
"LRF_REP_SCHD_PARAM","4320","2026-04-27 22:04:43"
"WZ_TMP3","4320","2021-05-18 13:56:10"
"LXL_IMPORT_ITEM","4284","2021-01-16 14:01:34"
"RESOURCES","3799","2021-01-15 22:01:10"
"WZ_TMP6","3388","2021-05-25 22:07:35"
"NAVIGATION_APP_MOD_PERM","3175","2020-07-28 22:00:47"
"RULE_COLM_LIST","3158","2019-08-06 22:01:00"
"TRAN_MASTER_PARM","3075","2021-05-14 22:08:11"
"RS300RATING_TOKEN_RATING_TYPE","3071","2019-07-11 17:19:24"
"WZ_IMPORT_LOTS","2937","2021-05-01 22:09:29"
"UI_MENU_ITEM","2802","2020-07-28 22:00:47"
"NAVIGATION","2709","2026-03-19 22:06:08"
"EXPT_W17_ORDERS","2514","2020-05-12 22:04:47"
"SYS_EXPORT_FULL_10","2407","2023-11-08 22:00:16"
"DT_PARM_LIST_DTL","2309","2019-07-11 17:18:38"
"SPL_SYS_NUMBER_POOL","2014","2026-05-05 22:03:30"
"PARAM_DEF","1567","2019-08-05 22:00:40"
"RS300RATING_TOKEN_PERFORM_TYPE","1501","2019-07-11 17:19:24"
"C_CARTON_DTL","1427","2026-05-15 22:00:47"
"LRF_EVENT_HISTORY","1402","2026-04-15 22:05:32"
"LRF_REPORT_AUDIT_HISTORY","1402","2026-04-15 22:05:33"
"LRF_SCHED_EVENT_REPORT_HISTORY","1402","2026-04-15 22:05:35"
"UI_MENU_ITEM_PERMISSION","1348","2019-07-11 17:19:39"
"TRAN_PARM","1325","2019-09-23 22:01:15"
"C_ORDER_LINE_ITEM","1257","2026-04-10 22:02:58"
"AP_ALERT_DEF","1224","2022-06-15 22:13:57"
"IMPORT_FORMAT_OFFSETS","1199","2019-07-11 17:18:56"
"WZ_TMP1","1191","2020-04-20 22:00:10"
"XMENU_ITEM_PERMISSION","1155","2019-07-11 17:19:46"
"ER_TABLES","1050","2019-07-11 17:18:42"
"UI_MENU_SCREEN","992","2020-07-28 22:00:42"
"WM_MHE_MSG_FORMAT_DTL","980","2019-08-06 22:00:56"
"MANH_SEQ_MAPPING","973","2019-07-11 17:19:05"
"CUSTOM_DISPLAY_DETAIL","970","2019-07-11 17:18:34"
"CUSTOM_DISPLAY_FIELD","964","2019-07-11 17:18:34"
"SPL_FND_PARTY_PROF","830","2022-05-27 22:00:14"
"SPL_FND_PARTY","830","2022-05-27 22:00:14"
"EXPT_W17_FACILITY","794","2020-04-23 22:00:16"
"C_ORDERS","783","2026-04-22 22:04:59"
"C_ORDER_NOTE","778","2026-04-08 22:08:46"
"XMENU_ITEM_APP","766","2019-07-11 17:19:46"
"FILTER_OBJECT","752","2019-07-11 17:18:53"
"APPLICATION_CONFIGURATION","741","2021-04-20 22:00:46"
"MANH_PRODUCT_PURGING_TABLES","732","2019-07-11 17:19:05"
"XBASE_MENU_ITEM","719","2024-09-19 22:06:05"
"XMENU_ITEM","699","2019-07-29 22:01:25"
"PIX_TRAN_CODE_DTL","665","2019-09-19 22:01:03"
"CUSTOM_FIELD","656","2026-03-31 22:05:22"
"LPN_BAK","615","2026-05-11 22:04:12"
"BUNDLE_META_DATA","611","2019-10-16 22:02:09"
"LPN_DETAIL_BAK","567","2026-04-20 22:43:52"
"CUSTOM_VIEW_UIATTR","509","2019-07-11 17:18:35"
"CUSTOM_DISPLAY_FIELD_ATTRIB","485","2019-07-11 17:18:35"
"AUDIT_FIELD_NAME","473","2019-11-06 22:02:39"
"DT_PARM_LIST","468","2019-07-11 17:18:38"
"LOCN_WIZ_HDR","465","2026-03-20 22:04:40"
"TRAN_MASTER","456","2025-06-20 22:06:16"
"Z_WZ_ASN_REF","454","2026-05-12 22:03:10"
"OBJECT_TYPE_TABLE","439","2019-07-11 17:19:10"
"IMPORT_COLM_LIST","437","2019-07-11 17:18:55"
"XTILE","417","2026-05-06 22:06:15"
"IMPORT_TYPE_COLM_XREF","404","2019-07-29 22:01:24"
"RS300RATING_TOKEN","357","2019-07-11 17:19:24"
"FILTER_FIELD_MASTER","319","2019-07-11 17:18:52"
"EXPT_W17_COMPANY","316","2020-04-23 22:00:16"
"ERROR_LOG_ARGS","306","2026-04-28 22:05:50"
"XQUICK_MENU_ITEM","285","2024-11-18 22:28:37"
"Z_WZ_CAR_MILEAGE","284","2026-03-12 22:04:35"
"LOCN_GRP","272","2021-02-05 22:00:25"
"XQUICK_MENU_PART","268","2021-11-18 22:02:08"
"RF_BIND_KEY","262","2019-08-21 22:01:06"
"LRF_REP_SCHD_PARAM_HISTORY","261","2026-05-14 22:02:22"
"TMP1","258","2024-12-17 22:00:20"
"AP_SYSTEM_ALERT_DEF","246","2019-07-11 17:18:28"
"USER_PROFILE","230","2026-05-16 6:00:21"
"WM_PURGE_DEPENDENCY","221","2019-07-11 17:19:44"
"IMPORT_OFFSET_MASTER","220","2019-07-11 17:18:56"
"PARAM_SPEC_VALUE","202","2019-07-11 17:19:15"
"JMS_DESTINATION_INFO","200","2019-07-11 17:18:59"
"NAVIGATION_PARAMETER","199","2026-03-24 22:02:40"
"PIX_REF_GRP_MASTER","191","2019-07-11 17:19:16"
"CONFIG_TOOL_DTL","191","2019-07-11 17:18:33"
"ROUTER","187","2019-08-06 22:01:00"
"OM_SCHED_EVENT","186","2026-05-16 6:00:19"
"ERROR_LOG","182","2026-04-23 22:02:16"
"NXT_UP_CNT","182","2026-05-16 6:00:17"
"RE_RULE_ATTRIBUTE","174","2019-07-11 17:19:23"
"CONFIG_TOOL_PREF_ANSWER","173","2019-07-11 17:18:33"
"WZ_TMP7","172","2021-05-25 22:07:34"
"PIX_TRAN_CODE","171","2019-09-19 22:01:03"
"PIX_INTRNL_CONFIG","171","2019-09-19 22:01:03"
"SYSTEM_CODE_DTL","171","2021-11-17 22:05:42"
"WORKFLOW_COMPONENT","163","2019-07-11 17:19:44"
"WZ_TMP8","153","2021-06-24 22:00:03"
"USER_TASK_GRP","153","2023-05-05 22:06:05"
"T_SYS_QUEUEERROR","151","2025-12-28 14:04:15"
"BRCD_STRUCT","149","2024-11-11 22:08:33"
"LRF_USER_PRO","146","2021-05-04 22:00:31"
"C_GUI_SESSION","145","2026-05-15 22:00:48"
"MHE_MSG_FORMAT_DTL","144","2020-07-15 22:01:10"
"XBASE_MENU_PART","143","2021-06-09 22:01:25"
"XQUICK_MENU_SECTION","134","2021-11-18 22:02:08"
"FILTER_FORMAT_DETAIL","125","2019-07-11 17:18:52"
"LEMA_RULE_CONF_RES_ATTR_VAL","124","2019-07-11 17:19:02"
"COLOR_CODE_DTL","120","2019-07-11 17:18:33"
"E_ACT","119","2019-07-11 17:18:42"
"SIZE_CONVERSIONS","117","2021-01-16 6:00:15"
"XWORKSPACE","117","2024-11-01 22:03:32"
"MSG_TYPE","116","2019-07-11 17:19:09"
"E_PURGE_DTL","115","2019-07-11 17:18:49"
"UNIQUE_IDS","112","2019-07-11 17:19:40"
"E_JOB_FUNCTION","109","2019-07-11 17:18:47"
"PARAM_SUBGROUP","105","2019-07-11 17:19:15"
"LITERAL","103","2019-07-29 22:01:24"
"TASK_ACTION","103","2024-08-06 22:01:07"
"Z_WZ_CAR","101","2026-05-13 22:06:16"
"E_ACT_ELM","99","2019-07-11 17:18:43"
"MHE_RULE_GROUP","90","2019-09-24 22:00:57"
"WM_MHE_MSG_FORMAT_HDR","89","2019-08-21 22:00:56"
"PUTWY_METHOD_PRTY","87","2024-08-07 22:02:58"
"INTERFACE_CONFIG","85","2019-08-08 22:00:48"
"AI_MASTER","85","2019-07-11 17:18:27"
"Z_WZ_LOCNTMP","84","2023-06-28 22:03:05"
"PIX_REF_CODE_MASTER","84","2019-09-19 22:01:03"
"CL_EVENT_MASTER","81","2019-08-21 22:00:55"
"CONFIG_TOOL_PREF_DISABLED_STEP","80","2019-07-11 17:18:33"
"CONFIG_TOOL_DEPENDENT_STEPS","79","2019-07-11 17:18:33"
"CONFIG_TOOL_PREF_QUESTION","78","2019-07-11 17:18:33"
"PARAM_GROUPING","77","2019-07-11 17:19:15"
"CUSTOM_DISPLAY_FIELD_PERMIS","76","2019-07-11 17:18:35"
"XMENU_ITEM_PARAMETER","76","2019-07-11 17:19:46"
"LISTENER_STATUS_DETAIL","75","2026-05-16 6:00:17"
"PICK_LOCN_ASSIGN_PRTY","72","2026-05-08 22:01:01"
"INVN_NEED_TYPE","69","2026-05-15 22:03:15"
"INT_MASTER","68","2024-08-06 22:06:08"
"XQUICK_MENU","67","2021-11-18 22:02:08"
"PROFILE_ACCESS","62","2019-07-11 17:19:20"
"TXN_MASTER","62","2019-07-11 17:19:39"
"ATTRIBUTE_DETAIL","59","2019-07-11 17:18:29"
"ALLOC_PARM","59","2024-08-06 22:00:58"
"SOA_FILTER_MODULE_XREF","59","2019-07-11 17:19:30"
"INVN_ALLOC_PRTY","59","2021-12-10 22:04:01"
"SO_ORDER_CCLFIELD","57","2019-07-11 17:19:32"
"INT_PATH_DEFN","57","2024-08-07 22:07:57"
"XFILTER","56","2026-03-30 22:04:53"
"E_SIMULATION_TABLES","56","2019-07-11 17:18:51"
"VAL_TAG_TYPE_XREF","55","2019-07-11 17:19:41"
"PROC_LOCK","55","2026-05-15 22:00:14"
"TASK_GRP_ELGBLTY","54","2024-08-06 22:00:58"
"XFILTER_PREF","54","2026-03-30 22:01:13"
"DB_BUILD_HISTORY","54","2021-11-17 22:05:42"
"E_PROC_LOCK_HDR","53","2019-07-11 17:18:49"
"SR_LAYOUT_DTL_FN","52","2019-07-11 17:19:33"
"WORKFLOW_COMPONENT_PERM","50","2019-07-11 17:19:44"
"QUEUE_TYPE_LOOKUP","49","2019-07-11 17:19:21"
"XBASE_MENU_SECTION","49","2026-01-15 22:07:11"
"CUSTOM_DISPLAY","49","2019-07-11 17:18:34"
"PARAM_GROUP","48","2019-07-11 17:19:15"
"SOA_MODULE","46","2019-07-11 17:19:30"
"SR_LAYOUT_DTL","46","2019-07-11 17:19:33"
"AI_TRAN_CONFIG","45","2019-07-11 17:18:27"
"DSP_DR_TYPE","43","2019-07-11 17:18:38"
"HIERARCHY_NODES","43","2019-07-11 17:18:54"
"LEMA_RULE_TEMPLATE","43","2019-07-11 17:19:02"
"RESTRICTION_ATTRIBUTES","40","2019-07-11 17:19:23"
"WZ_USERLIST","40","2024-12-24 22:05:10"
"SO_DB_BUILD_HISTORY","39","2019-07-11 17:19:32"
"IMPORT_EXCLUSIONS_CBO","38","2025-02-14 22:00:47"
"FEDEX_ACC_OPT_DYNSURGE_MAP","38","2019-07-11 17:18:52"
"BROKEN_CONSTRAINTS","37","2021-11-17 22:05:42"
"MESSAGE_TYPE","36","2019-07-11 17:19:08"
"DSP_DR_PARAMETER","36","2019-07-11 17:18:38"
"WORK_AREA_MASTER","34","2026-03-11 22:05:30"
"VAL_TAG","33","2019-07-11 17:19:41"
"PO_CRITICAL_FIELD_FV","33","2019-07-11 17:19:19"
"MANH_DATABASE_OBJECT_LIST","32","2019-07-11 17:19:05"
"LPN_FACILITY_STATUS","32","2019-07-11 17:19:04"
"SYSTEM_CODE","32","2019-07-11 17:19:34"
"PURCHASE_ORDERS_STATUS","32","2019-07-11 17:19:21"
"PURCHASE_ORDERS_LINE_STATUS","31","2019-07-11 17:19:21"
"DATA_SOURCE","31","2019-07-11 17:18:35"
"SIZE_DESC","31","2020-08-21 22:01:34"
"LRF_EVENT","30","2026-05-15 22:00:59"
"REPORT_DEF_LAYOUT","30","2019-07-11 17:19:22"
"WORKFLOW_VALUE_ASSOCIATION","30","2019-07-11 17:19:44"
"LRF_SCHED_EVENT_REPORT","30","2026-05-15 22:00:49"
"LRF_REPORT_AUDIT","30","2026-05-15 22:01:00"
"CLAIM_TYPE","29","2019-07-11 17:18:31"
"C_CARTON_HDR","29","2026-05-15 22:00:46"
"STATS_SNAPSHOT_EVENT_DATA","28","2022-09-07 22:02:39"
"OPT_PARAM","28","2019-08-07 22:01:18"
"IMPORT_FORMATS","28","2019-07-11 17:18:56"
"MESSAGE_MODULE","28","2019-07-11 17:19:07"
"MANIFEST_TYPE","27","2019-07-11 17:19:06"
"DOC_TYPE","27","2019-07-11 17:18:37"
"SOA_FILTER","26","2019-07-11 17:19:30"
"RTS_CRITICAL_FIELD_FV","26","2019-07-11 17:19:25"
"WZ_TMP4","25","2023-06-30 22:00:03"
"CUSTOM_PANEL","24","2026-03-31 22:02:37"
"XBASE_MENU_SECTION_PERMISSION","24","2021-07-16 22:00:45"
"MOVE_TYPE","24","2019-07-11 17:19:09"
"COLOR_CODE_HDR","24","2019-07-11 17:18:33"
"E_SIMULATION_METRIC_PORTLETS","24","2019-07-11 17:18:50"
"CYCLE_COUNT_TRIG","24","2019-08-07 22:01:17"
"ORDER_WMS_STATUS","24","2019-07-11 17:19:13"
"SOA_MODULE_DLL_CPLUSPLUS","24","2019-07-11 17:19:30"
"PUTWY_ZONE_PRTY","23","2021-07-08 22:00:17"
"Z_WZ_LINE","23","2021-06-29 22:01:09"
"IMPORT_MASTER","23","2019-07-11 17:18:56"
"E_METRIC_CONFIGURATION","22","2019-07-11 17:18:47"
"SPL_CODE_ID","22","2021-07-20 22:00:15"
"MOVEMENT_TYPE","21","2019-07-11 17:19:08"
"DATA_LOADER_MESSAGE_TYPE","21","2019-07-11 17:18:35"
"FEDEX_SERVICE_LEVEL","21","2019-07-11 17:18:52"
"CLAIM_ACTION_TYPE","21","2019-07-11 17:18:31"
"E_ELM","20","2019-07-11 17:18:44"
"UI_MENU","20","2019-07-11 17:19:39"
"SO_FULFILL_STATUS","19","2019-07-11 17:19:32"
"SO_LN_FULFILL_STATUS","17","2019-07-11 17:19:32"
"CUSTOM_DISPLAY_DATATYPE","17","2019-07-11 17:18:34"
"DO_STATUS","17","2019-09-26 22:01:41"
"E_EMP_METRIC_HDR","16","2019-07-11 17:18:44"
"SPL_FND_REJECT","16","2023-06-12 22:00:16"
"JMS_LISTENER","15","2019-07-29 22:01:24"
"LISTENER","15","2026-05-16 6:00:17"
"C_SPL_LEAN_REPL_TASK","15","2021-01-18 22:00:16"
"LPN_STATUS","15","2019-07-11 17:19:04"
"SHIPMENT_STATUS","15","2019-07-11 17:19:27"
"E_MSRMNT","15","2019-07-11 17:18:47"
"SALES_ORDERS_STATUS","14","2019-07-11 17:19:26"
"CUSTOM_DISPLAY_TYPE","14","2019-07-11 17:18:35"
"PARCEL_SERVICE_LEVEL","14","2019-07-11 17:19:15"
"QRTZ_PIX_JOB_CONFIG","14","2019-09-02 22:00:12"
"SHIPMENT_WMS_STATUS","14","2019-07-11 17:19:28"
"E_EVNT_ADJ_CODE","14","2019-07-11 17:18:45"
"E_METRIC_IMPLEMENTATION","14","2019-07-11 17:18:47"
"FILTER_OBJECT_MAPPING","14","2019-07-11 17:18:53"
"WM_QUEUE_CLASS","14","2019-07-11 17:19:44"
"CUSTOM_QUICK_FILTER_LAYOUT","13","2024-02-07 22:03:53"
"LRF_PRINT_STATUS","13","2019-07-11 17:19:05"
"OAUTH_CLIENT_DETAILS","13","2019-07-11 17:19:10"
"ACTION_TYPE","13","2019-07-11 17:18:27"
"UI_CONTROL_TYPE","13","2019-07-11 17:19:39"
"UI_TYPE","13","2019-07-11 17:19:40"
"CUSTOM_PAGE","12","2026-03-31 22:02:37"
"UI_CU_DATA_TYPE","12","2019-07-11 17:19:39"
"RE_RULATR_CATNOPER","12","2019-07-11 17:19:23"
"DATA_TYPE","12","2019-07-11 17:18:36"
"PAYMENT_METHOD","12","2019-07-11 17:19:15"
"DOCUMENT_TYPE","12","2019-07-11 17:18:37"
"MONTH_CBO","12","2019-10-16 22:02:09"
"EVENT_PARM","12","2019-08-06 22:00:59"
"CONFIG_TOOL_HDR","12","2019-07-11 17:18:33"
"E_LABOR_TYPE_CODE","12","2019-07-11 17:18:47"
"BASE_ACTIVITY_TYPE","12","2019-07-11 17:18:29"
"TF_SHIPMENT_CONFIG","12","2019-07-11 17:19:36"
"E_PAY_DUR","12","2019-07-11 17:18:48"
"WHSE_LOCN_MASK","12","2024-08-04 22:02:18"
"RE_RULATR_DATATYPE","11","2019-07-11 17:19:23"
"SPL_CODE_TYPE","11","2021-07-20 22:00:21"
"XCUSTOM_ATTRIBUTE_METADATA","11","2019-07-29 22:01:25"
"E_EVNT_STAT_CODE","11","2019-07-11 17:18:45"
"WM_INVENTORY_BAK0624","11","2022-06-24 22:00:11"
"ILM_ACTIVITY_TYPES","11","2019-07-11 17:18:54"
"PACKAGING","11","2019-07-11 17:19:14"
"CATEGORY","11","2020-04-03 22:00:58"
"E_WHSE_DTL","11","2019-07-11 17:18:51"
"ERROR_MESSAGE","10","2019-07-11 17:18:42"
"DISPATCH_STATUS","10","2019-07-11 17:18:36"
"WAVE_PROC_TYPE","10","2021-12-10 22:02:11"
"OM_SCHED_RECURRING_KEY_DATE","10","2019-07-11 17:19:10"
"CALLOUT_EVENT","10","2019-07-11 17:18:30"
"SO_PAYMENT_STATUS","10","2019-07-11 17:19:32"
"ILM_TASK_STATUS","10","2021-11-17 22:05:42"
"ACCEPTANCE_STATUS","9","2019-07-11 17:18:27"
"JMS_ROLES","9","2019-07-11 17:19:00"
"WORKFLOW_SCRIPT","9","2019-07-11 17:19:44"
"CL_EVENT_SUBSCRIPTION","9","2021-11-05 22:00:12"
"DYNAMIC_CONTROL_FIELDS","9","2019-07-11 17:18:38"
"MHE_ENDPOINT_CONFIG","9","2019-10-09 22:02:13"
"MHE_MSG_FORMAT","9","2020-07-15 22:01:10"
"INVOICE_TYPE","9","2019-07-11 17:18:58"
"OPT_ENGINE","9","2019-07-11 17:19:11"
"PO_RTS_ACTION","9","2019-07-11 17:19:19"
"UI_VALIDATION_MASK","8","2019-07-11 17:19:40"
"RE_RULATR_OPERATOR","8","2019-07-11 17:19:23"
"MESSAGE_BU_MAPPING_DETAILS","8","2019-07-11 17:19:06"
"SOA_MESSAGE_FRAGMENT","8","2019-07-11 17:19:30"
"DO_TYPE","8","2019-07-11 17:18:37"
"CHECK_DIGIT_TYPE","8","2019-07-11 17:18:31"
"Z_WZ_ITEMGSP","8","2021-12-16 22:00:59"
"E_DAY_CODE","8","2019-07-11 17:18:44"
"E_PAY_TYPE","8","2019-07-11 17:18:48"
"ILM_APPOINTMENT_STATUS","8","2019-07-11 17:18:54"
"ASN_STATUS","8","2019-07-11 17:18:29"
"DT_CALCULATOR","8","2019-07-11 17:18:38"
"MIN_DENSITY_CALC_METHOD","8","2019-07-11 17:19:08"
"PICK_LOCN_DTL_BAK","7","2024-07-22 22:03:11"
"EXCEL_MESSAGE_TYPE","7","2019-07-11 17:18:42"
"STOP_STATUS","7","2019-07-11 17:19:33"
"PAYMENT_TERMS","7","2019-07-11 17:19:15"
"CL_DATA_TRANSFER","7","2019-07-12 22:01:24"
"CL_MESSAGE_STATUS","7","2019-07-11 17:18:32"
"Z_WZ_SERVICE_COST","7","2024-10-07 22:00:49"
"DOCUMENT_EVENT_TYPE","7","2019-07-11 17:18:37"
"DAY_OF_WEEK_CBO","7","2019-10-16 22:02:09"
"ASN_DETAIL_STATUS","7","2019-07-11 17:18:29"
"ILM_APPOINTMENT_TYPE","7","2019-07-11 17:18:54"
"WM_INVENTORY_BAK0509","7","2021-05-09 18:06:25"
"MESSAGE_BU_MAPPING","7","2019-07-11 17:19:06"
"Z_WZ_DICT","6","2024-08-02 22:00:18"
"Z_WZ_CAR_SOURCE","6","2024-08-01 22:00:12"
"RE_RULATR_BEHAVIOR","6","2019-07-11 17:19:23"
"RE_RULE_OBJ_TYPE","6","2019-07-11 17:19:23"
"RATE_TYPE","6","2019-07-11 17:19:22"
"EVENT_SEVERITY","6","2019-07-11 17:18:42"
"MIGRATE_FILTER_OBJECT","6","2019-07-11 17:19:08"
"SPL_RF_POSITION","6","2020-07-08 22:00:33"
"TRAVEL_PLAN_ACTIVITY_TYPE","6","2019-07-11 17:19:39"
"RTS_LINE_STATUS","6","2019-07-11 17:19:25"
"RTS_STATUS","6","2019-07-11 17:19:25"
"SO_FULLFILL_OPTION","6","2019-07-11 17:19:32"
"DATE_TYPE","6","2019-07-11 17:18:36"
"DAY_OF_WEEK_OCCURANCE_CBO","6","2019-10-16 22:02:09"
"SOA_MODULE_XSL","6","2019-07-11 17:19:31"
"E_SCHEDULER","6","2019-07-11 17:18:50"
"E_SUBSYSTEM","6","2019-07-11 17:18:51"
"VAL_TAG_TYPE","6","2019-07-11 17:19:41"
"ILM_APPT_CHARGE_BACK_CODES","6","2019-07-11 17:18:54"
"CREDIT_CARD_TYPE","6","2019-07-11 17:18:34"
"ORDER_STATUS","6","2019-07-11 17:19:13"
"SHIPPING_ACTION","6","2019-07-11 17:19:28"
"FILTER_FORMAT","6","2019-07-11 17:18:52"
"CNSTR_GRP","6","2019-07-11 17:18:33"
"THREAD_CONFIG","6","2019-08-06 22:00:59"
"SO_TYPE","6","2019-07-11 17:19:32"
"DSP_DISPATCH_TYPE","6","2019-07-11 17:18:38"
"STATEMENT_MASK_TYPE","6","2019-07-11 17:19:33"
"CUSTOM_PAGE_INFO","5","2021-05-01 18:09:16"
"DROPOFF_PICKUP","5","2019-07-11 17:18:38"
"CL_DATA_ENCODING","5","2019-07-11 17:18:31"
"APPOINTMENT_TYPE","5","2019-07-11 17:18:28"
"TPM_CONFIGURATION_DETAIL","5","2019-07-11 17:19:36"
"EVENT_CATEGORY","5","2019-07-11 17:18:42"
"JOIN_TYPE","5","2019-07-11 17:19:00"
"CUSTOMIZE_VIEW_TYPE","5","2019-07-11 17:18:34"
"SPL_FND_PARTY_FILE","5","2021-02-08 22:00:33"
"THEME_DATA","5","2019-07-11 17:19:36"
"RS_TYPE","5","2019-07-11 17:19:24"
"SOA_FILTER_CATEGORY","5","2019-07-11 17:19:30"
"DOCUMENT_STATUS","5","2019-07-11 17:18:37"
"WHSE_ENGINE_CONFIG","5","2019-07-11 17:19:42"
"ENGINE_INPUT_PARM","5","2019-07-11 17:18:39"
"ENGINE_LOG_PARM","5","2019-07-11 17:18:39"
"ENGINE_OUTPUT_PARM","5","2019-07-11 17:18:39"
"E_SIMULATION_METRIC","5","2019-07-11 17:18:50"
"INT_ALLOC_LOCK_CODES","5","2024-08-06 22:00:50"
"POD_REASON_CODE","5","2019-07-11 17:19:18"
"CREATION_TYPE","5","2019-07-11 17:18:34"
"ILM_ANCHOR_TYPES","5","2019-07-11 17:18:54"
"ILM_TASK_TYPES","5","2019-07-11 17:18:55"
"LPN_TYPE","5","2019-07-11 17:19:05"
"IMPORT_FORMAT_PREFS","5","2019-07-11 17:18:56"
"APPT_UPLOAD_TYPE","5","2019-07-11 17:18:28"
"SR_FUNCTION","5","2019-07-11 17:19:32"
"JMS_USERS","5","2019-07-11 17:19:00"
"LRF_PRT_QUEUE_DEST","4","2019-10-06 18:03:20"
"C_GSP_NBR_TRKG_BAK","4","2021-08-04 8:57:06"
"THEME_RESOURCE_TYPE","4","2019-07-11 17:19:36"
"ILS_PRODUCT_TYPE","4","2019-07-11 17:18:55"
"STORE_TYPE","4","2019-07-11 17:19:34"
"RATING_LEVELS","4","2019-07-11 17:19:22"
"CL_PRIORITY","4","2019-07-11 17:18:32"
"LEMA_RULE_CONF_RES_ATTR","4","2019-07-11 17:19:02"
"REACT_HANDLER","4","2019-07-11 17:19:22"
"SCHEDULER_EVENT_TYPE","4","2019-07-11 17:19:26"
"SPL_DSP_LOCN","4","2022-08-11 22:00:30"
"SPL_SYS_NUMBER_PART","4","2026-05-16 6:00:17"
"DWM_WORK_TYPE_CONFIG","4","2019-07-11 17:18:38"
"SPL_GSP_EXPORT_IN_DATA","4","2020-06-16 22:00:13"
"LRF_PRT_Q_TYPES","4","2019-07-11 17:19:05"
"SO_LN_FULFILL_OPTION","4","2019-07-11 17:19:32"
"MO_AUTO_CREATE_METHOD","4","2019-07-11 17:19:09"
"SOA_MODULE_CATEGORY","4","2019-07-11 17:19:30"
"CFMF_STATUS","4","2019-07-11 17:18:30"
"CHANNEL_TYPE","4","2019-07-11 17:18:31"
"CLAIM_CATEGORY","4","2019-07-11 17:18:31"
"MASTER_ORDER_STATUS","4","2019-07-11 17:19:06"
"COMMENT_TYPE","4","2019-07-11 17:18:33"
"PUTWY_TYPE_PRTY","4","2024-08-05 22:00:22"
"E_SHIFT","4","2019-07-11 17:18:50"
"E_INTERFACE","4","2019-07-11 17:18:46"
"ASN_COMMUNICATION_METHOD","4","2019-07-11 17:18:29"
"INV_ENTRY_TYPE","4","2019-07-11 17:18:58"
"APPT_UPLOAD_STATUS","4","2019-07-11 17:18:28"
"SO_STATUS","4","2019-07-11 17:19:32"
"TIME_FEAS_CALC","4","2019-07-11 17:19:36"
"DRIVER_SCHED_EXC_TYPE","4","2019-07-11 17:18:38"
"ILM_APPT_OBJ_TYPE","4","2019-07-11 17:18:55"
"EQUIP_INST_SCHED_TYPE","4","2019-07-11 17:18:39"
"LRF_PRT_QUEUE_SERVICE","4","2020-06-18 22:01:13"
"MOVEMENT_OPTION","3","2019-07-11 17:19:08"
"C_QI_INSPECTION_BAK0707","3","2021-11-29 22:02:02"
"CL_CONTROL_FILE_FORMAT","3","2019-07-11 17:18:31"
"THEME_CUSTOM_USER_TYPE","3","2019-07-11 17:19:36"
"THEME_REPOSITORY_TYPE","3","2019-07-11 17:19:36"
"THEME_TYPE","3","2019-07-11 17:19:36"
"HANDLER","3","2019-07-11 17:18:53"
"FILTER_SCREEN_TYPE","3","2019-07-11 17:18:53"
"RE_RULATR_CAT_OPER","3","2019-07-11 17:19:23"
"TPM_CONFIGURATION","3","2019-07-11 17:19:36"
"TRANS_RESP_CODE","3","2019-07-11 17:19:37"
"PURCHASE_ORDERS_TYPE","3","2019-07-11 17:19:21"
"RESOURCE_BID_STATUS","3","2019-07-11 17:19:23"
"CL_SOURCE_FILE_OPTION","3","2019-07-11 17:18:32"
"BINDING_TYPE","3","2019-07-11 17:18:29"
"CL_FRAMING_STYLE","3","2019-07-11 17:18:32"
"CL_HEARTBEAT_TYPE","3","2019-07-11 17:18:32"
"SPL_PS_CONFIG","3","2020-06-30 22:00:37"
"REPORT_DEF","3","2019-07-11 17:19:22"
"URI_TYPE","3","2019-07-11 17:19:40"
"SPL_QUALITY_RULE","3","2021-01-18 22:00:35"
"SCHEDULE_B_CHAPTER","3","2019-07-11 17:19:26"
"WHSE_PARAMETERS","3","2024-08-04 22:02:19"
"NOTE_TYPE","3","2019-07-11 17:19:10"
"FULFILL_MODE","3","2019-07-11 17:18:53"
"DOCUMENT_GENERATOR_TYPE","3","2019-07-11 17:18:37"
"DOC_STATUS","3","2019-07-11 17:18:37"
"EXTERNAL_RESOURCE_TYPE","3","2019-07-11 17:18:42"
"SOA_MODULE_JAVA_MAIN","3","2019-07-11 17:19:30"
"ERROR_TYPE","3","2019-07-11 17:18:42"
"LOADING_TYPE","3","2019-07-11 17:19:03"
"LOAD_TYPE","3","2019-07-11 17:19:03"
"LOCK_STATUS","3","2019-07-11 17:19:03"
"DELIVERY_CHANNEL","3","2019-07-11 17:18:36"
"DELIVERY_REQ","3","2019-07-11 17:18:36"
"WHSE_MASTER","3","2025-06-24 22:04:25"
"E_EMP_STAT_CODE","3","2019-07-11 17:18:45"
"E_DEPT","3","2019-07-11 17:18:44"
"COST_TYPE_CBO","3","2019-10-16 22:02:09"
"ILM_APPOINTMENT_CREATION_TYPE","3","2019-07-11 17:18:54"
"E_OBS_COACH","3","2019-07-11 17:18:47"
"BOOKING_ACTION","3","2019-07-11 17:18:30"
"E_OBS_INT","3","2019-07-11 17:18:47"
"ASN_LEVEL","3","2019-07-11 17:18:29"
"ASN_TYPE","3","2019-07-11 17:18:29"
"PADDING_TYPE","3","2019-07-11 17:19:14"
"SHIPMENT_TYPE","3","2019-07-11 17:19:28"
"HIERARCHY_LEVELS","3","2019-07-11 17:18:54"
"HIERARCHY_TYPES","3","2019-07-11 17:18:54"
"ILM_REQUESTOR_TYPE","3","2019-07-11 17:18:55"
"FORECAST","3","2019-07-11 17:18:53"
"CONS_RUN_DTL_TYPE","3","2019-07-11 17:18:34"
"SO_OPERATION_STATUS","3","2019-07-11 17:19:32"
"SO_PRIORITY","3","2019-07-11 17:19:32"
"SUFFIX","3","2019-07-11 17:19:34"
"SLOT_LIST_TREE","2","2019-07-11 17:19:28"
"BASIC_QUARTZ_CONFIG","2","2019-09-02 22:00:12"
"SR_DRILL_DN_ACT","2","2019-07-11 17:19:32"
"SR_LAYOUT_HEADER","2","2019-07-11 17:19:33"
"SR_OBJECT_TYPE","2","2019-07-11 17:19:33"
"XML_TRANSLATOR_TYPE","2","2019-07-11 17:19:46"
"EQUIPMENT_OVERFLOW","2","2019-07-11 17:18:39"
"WM_INVENTORY_BACK20230922","2","2024-07-22 22:00:08"
"Z_WZ_ITEM_CONVER","2","2026-04-13 22:00:13"
"A_IN_EXCEL","2","2025-06-24 22:00:21"
"A_IN_EXCEL_WHSE","2","2025-06-24 22:00:22"
"CUSTOM_DISPLAY_OPT_TABLES","2","2019-07-11 17:18:35"
"CL_ENDPOINT","2","2022-09-06 22:00:19"
"CL_ENDPOINT_EXT","2","2021-11-05 22:00:12"
"LRF_PRT_QUEUE","2","2019-10-06 18:03:18"
"CL_CONNECT_MODE","2","2019-07-11 17:18:31"
"CL_CONNECT_WHEN","2","2019-07-11 17:18:31"
"CL_CONTROL_FILE_OPTION","2","2019-07-11 17:18:31"
"CL_CONVERSATION","2","2021-11-05 22:00:12"
"CL_DATA_FORMAT","2","2019-07-11 17:18:31"
"TRACKING_VENDORS","2","2019-10-16 22:02:09"
"CL_CLUSTER","2","2019-08-07 22:00:38"
"ILS_OBJECT_TYPE","2","2019-07-11 17:18:55"
"FILTER_DETAIL","2","2021-01-15 22:01:29"
"SUBSTITUTION_TYPE","2","2019-07-11 17:19:34"
"SUPPLY_STATUS","2","2019-07-11 17:19:34"
"PRIORITY_TYPE","2","2019-07-11 17:19:19"
"CL_PROTOCOL","2","2019-07-11 17:18:32"
"CL_SERVER_TYPE","2","2019-07-11 17:18:32"
"CL_SIZE_ENCODING","2","2019-07-11 17:18:32"
"CL_SIZE_SCOPE","2","2019-07-11 17:18:32"
"CL_STATUS","2","2019-07-11 17:18:32"
"CL_TRANSFER_TYPE","2","2019-07-11 17:18:32"
"CL_DIRECTION","2","2019-07-11 17:18:31"
"CL_DISCONNECT_WHEN","2","2019-07-11 17:18:31"
"CL_ENABLE_OPTION","2","2019-07-11 17:18:31"
"CL_FTP_CONNECT_MODE","2","2019-07-11 17:18:32"
"CL_MACHINE_XREF","2","2021-11-05 22:00:12"
"SCREEN_TYPE","2","2021-01-15 22:00:41"
"P_GOODSOWNER_SEND","2","2024-10-25 22:00:29"
"SPL_SYS_NUMBER","2","2025-02-09 6:00:27"
"CL_FAILOVER_TRACKING","2","2026-03-09 22:00:15"
"CL_PROTOCOL_TCP","2","2021-11-05 22:00:12"
"CL_SERVER_CONFIG","2","2021-04-20 22:00:14"
"LRF_PRT_REQUESTOR","2","2019-10-06 18:03:20"
"LRF_SERVER_CONFIG","2","2019-10-06 18:03:20"
"STCC_CHAPTER","2","2019-07-11 17:19:33"
"RESTRICTION_OBJECT","2","2019-07-11 17:19:23"
"MO_EXECUTION_STATUS","2","2019-07-11 17:19:09"
"SOA_FILTER_CATEGORY_XREF","2","2019-07-11 17:19:30"
"SOA_LISTENER","2","2019-07-11 17:19:30"
"DOCK_RATE_TYPE","2","2019-07-11 17:18:36"
"DOCUMENT_FORMAT_TYPE","2","2019-07-11 17:18:37"
"JMS_PROVIDER_INFO","2","2019-07-11 17:19:00"
"CLAIM_CLASSIFICATION","2","2019-07-11 17:18:31"
"ISSUE_STATUS","2","2019-07-11 17:18:58"
"DELIVERY_AREA_SURCHARGE_TYPE","2","2019-07-11 17:18:36"
"DELIVERY_METHOD","2","2019-07-11 17:18:36"
"DIRECTION","2","2019-07-11 17:18:36"
"CONDITION_TYPE","2","2019-07-11 17:18:33"
"MHE_PARM_HDR","2","2019-08-06 22:00:20"
"ILM_LOAD_POSITION","2","2019-07-11 17:18:55"
"TREE_DTL","2","2019-07-11 17:19:39"
"USER_PROFILE_XREF","2","2019-07-11 17:19:40"
"USER_RANGE_XREF","2","2019-07-11 17:19:40"
"ONTIME_PERF_METHOD","2","2019-07-11 17:19:11"
"LPN_SHIPPABLE_TYPE","2","2019-07-11 17:19:04"
"SO_USER_MASTER","2","2019-07-11 17:19:32"
"FREQUENCY_TYPE","2","2019-07-11 17:18:53"
"WHPREFS","2","2019-07-11 17:19:42"
"WHSE_IMPORT_PREFS","2","2019-07-11 17:19:43"
"CNTR_TYPE","2","2024-08-06 22:00:15"
"SITC_CHAPTER","2","2019-07-11 17:19:28"
"OBJECT_VALIDATION_SCRIPT","2","2019-07-11 17:19:10"
"SCRIPT","2","2019-07-11 17:19:26"
"SCRIPT_PAYLOAD","2","2019-07-11 17:19:26"
"PROFILE_MASTER","1","2019-07-11 17:19:20"
"Z_WZ_CAR_MILEAGE_SUMMARY","1","2025-06-19 22:15:33"
"LRF_LISTENER_CONFIG","1","2019-07-29 22:01:24"
"EXE_NOTIFICATION_TYPES","1","2019-07-11 17:18:42"
"FILTER","1","2020-06-19 22:00:08"
"FILTER_FROM_CLAUSE","1","2019-07-11 17:18:52"
"FILTER_GROUP_DEFINITION","1","2020-06-19 22:00:09"
"RE_MODULE_TYPE","1","2019-07-11 17:19:23"
"SPL_ASN_DTL","1","2019-10-09 22:00:13"
"THEME_MANAGER","1","2021-05-27 22:00:14"
"XPREFERENCES","1","2024-11-07 22:00:15"
"CL_EVENT_PUBLICATION","1","2019-11-21 22:00:25"
"CL_INTERCEPTOR","1","2019-07-11 17:18:32"
"CL_MACHINE","1","2019-11-21 22:00:25"
"SO_LOGGER_FACTORY","1","2019-07-11 17:19:32"
"CL_SEQUENCE","1","2021-01-18 22:00:11"
"LRF_SERVER","1","2019-09-27 22:00:24"
"MSG_PROCESS_CONFIG","1","2021-05-08 22:05:27"
"SUBSTITUTION_LEVEL","1","2019-07-11 17:19:34"
"SEC_USER","1","2019-07-11 17:19:26"
"SERVER_MASTER","1","2019-07-11 17:19:26"
"SOA_LISTENER_RESOURCEMAPPING","1","2019-07-11 17:19:30"
"PO_TERMS","1","2019-09-26 22:00:13"
"SOA_PROXY","1","2019-07-11 17:19:31"
"WHSE_LABOR_PARAMETERS","1","2021-11-17 22:05:42"
"WHSE_PAY","1","2019-07-11 17:19:44"
"E_EMP_DTL","1","2019-07-29 22:01:24"
"MHE_CONFIG","1","2019-08-09 22:00:39"
"E_OBS_EMAIL_TEMPL","1","2019-07-11 17:18:47"
"VERSION_INFO","1","2019-07-11 17:19:41"
"DISTRIB_LIST_MEMBER","1","2019-09-19 22:00:06"
"ENTERPRISE_MASTER","1","2019-07-11 17:18:39"
"VOCOLLECT_PARM","1","2019-08-06 22:00:59"
"HIERARCHY_DEFINITIONS","1","2019-07-11 17:18:54"
"PO_TERMS_BUSINESS_PARTNER_MAP","1","2019-09-26 22:00:13"
"PO_TERMS_LEGAL_TEXT","1","2019-09-26 22:00:13"
"WHSE_SERVER","1","2019-07-11 17:19:44"
"FUEL_FEED_URL_MAP","1","2019-07-11 17:18:53"
"COMPANY_OPT_ENGINE","1","2019-07-11 17:18:33"
"OPT_ENGINE_TYPE","1","2019-07-11 17:19:11"
"OPT_PARAM_LIST","1","2019-07-11 17:19:11"
"LPN_LOCK_BAK1210","1","2021-12-10 19:09:34"
"ASN_DETAIL_GS1","1","2023-10-12 15:52:31"
"CL_ENDPOINT_STATUS_DETAIL","1","2022-09-07 22:00:06"
